{
  "waterSystem": {
    "flowRate": 2.5,
    "totalVolume": 1250.45,
    "dailyUsage": 125.5,
    "leakDetected": false,
    "lastUpdate": "06/03/2025 14:30:22",
    "systemOnline": true,
    "tanks": {
      "0": {
        "level": 65.2,
        "capacity": 1000,
        "volume": 652.0,
        "enabled": true
      },
      "1": {
        "level": 45.8,
        "capacity": 500,
        "volume": 229.0,
        "enabled": true
      },
      "2": {
        "level": 0,
        "capacity": 0,
        "volume": 0,
        "enabled": false
      }
    }
  },
  "emailConfig": {
    "enabled": true,
    "highUsageThreshold": 200.0,
    "recipients": {
      "0": {
        "enabled": true,
        "email": "usuario1@exemplo.com",
        "alertLowLevel": true,
        "alertLeak": true,
        "alertHighUsage": true
      },
      "1": {
        "enabled": true,
        "email": "usuario2@exemplo.com",
        "alertLowLevel": true,
        "alertLeak": false,
        "alertHighUsage": false
      },
      "2": {
        "enabled": false,
        "email": "",
        "alertLowLevel": true,
        "alertLeak": true,
        "alertHighUsage": true
      },
      "3": {
        "enabled": false,
        "email": "",
        "alertLowLevel": true,
        "alertLeak": true,
        "alertHighUsage": true
      },
      "4": {
        "enabled": false,
        "email": "",
        "alertLowLevel": true,
        "alertLeak": true,
        "alertHighUsage": true
      }
    }
  },
  "alerts": {
    "1709747422000": {
      "subject": "Alerta: Nível Crítico na Caixa d'Água",
      "message": "Níveis críticos nas seguintes caixas:\n- Caixa 1: 18.5% (185 de 1000 litros)",
      "timestamp": "06/03/2025 14:30:22",
      "type": 1,
      "processed": true,
      "emailSent": true,
      "sentTimestamp": 1709747425000,
      "recipients": ["usuario1@exemplo.com", "usuario2@exemplo.com"]
    },
    "1709833822000": {
      "subject": "Alerta: Vazamento Detectado",
      "message": "Possível vazamento detectado!\nFluxo contínuo de água por mais de 6 horas.\nVazão atual: 1.25 L/min\nPor favor, verifique suas instalações.",
      "timestamp": "07/03/2025 14:30:22",
      "type": 2,
      "processed": true,
      "emailSent": true,
      "sentTimestamp": 1709833825000,
      "recipients": ["usuario1@exemplo.com"]
    }
  },
  "reports": {
    "1709683200000": {
      "type": "daily",
      "timestamp": 1709683200000,
      "recipients": ["usuario1@exemplo.com", "usuario2@exemplo.com"],
      "data": {
        "dailyUsage": 125.5,
        "flowRate": 2.5,
        "totalVolume": 1250.45,
        "leakDetected": false
      }
    }
  }
}

